,predicted_word,probability,entropy,kl_divergence
0,When,nan,nan,nan
1, the,0.07737185060977936,7.208526611328125,
2, was,0.14509403705596924,4.86957311630249,3.315629720687866
3, to,0.1257643848657608,4.567881107330322,2.282198905944824
4, chance,0.09444520622491837,6.844694137573242,3.23710298538208
5,",",0.28152260184288025,3.9683284759521484,2.0931828022003174
6, go,0.08056840300559998,5.261585712432861,3.7776405811309814
7,",",0.4171314239501953,3.2535207271575928,2.17744517326355
8, ball,0.1932845562696457,5.882195949554443,4.309556007385254
9,",",0.28120702505111694,4.56606912612915,1.927267074584961
10,",",0.3663738965988159,3.646211624145508,1.8972080945968628
11, the,0.6029216647148132,2.18033504486084,1.9087873697280884
12, bat,0.11609043180942535,6.699728965759277,3.9940547943115234
13,",",0.4185711145401001,3.8414971828460693,1.7354787588119507
14,",",0.36275315284729004,4.21731424331665,1.5976673364639282
15,",",0.46218958497047424,3.442617893218994,1.8334957361221313
16, the,0.054572250694036484,6.1649065017700195,1.3620895147323608
17, little,0.14772334694862366,5.747933387756348,3.497901201248169
18,",",0.14182956516742706,5.274093151092529,1.4487931728363037
19, can,0.10971026867628098,4.441116809844971,3.6355059146881104
20,",",0.13249176740646362,4.324291229248047,1.685923457145691
21, the,0.17392785847187042,4.65916633605957,1.3520039319992065
22, track,0.07552113384008408,6.243223667144775,3.7250232696533203
23,",",0.2683884799480438,3.9714536666870117,1.7080365419387817
24, going,0.17761419713497162,5.336844444274902,2.675138473510742
25, minutes,0.13390932977199554,3.867668867111206,5.8282856941223145
26, from,0.23567776381969452,3.531085252761841,3.9262499809265137
27, you,0.4130265414714813,2.8307623863220215,1.9521019458770752
28,.,0.07717884331941605,6.105528354644775,3.3872132301330566
29,�,0.26386556029319763,3.2967727184295654,4.335084915161133
30, is,0.28396400809288025,5.361183166503906,2.4235787391662598
31, is,0.37883418798446655,3.8805878162384033,2.5438222885131836
32, a,0.13010668754577637,5.605802536010742,1.5467275381088257
33,.,0.1254071593284607,4.94723653793335,1.5165817737579346
34, can,0.08645849674940109,4.954776287078857,3.2440426349639893
35, run,0.06378713250160217,5.1130475997924805,3.5959107875823975
36, run,0.08652146905660629,5.076268196105957,3.6887435913085938
37, better,0.06604679673910141,6.5001091957092285,3.0531086921691895
38, dash,0.17830371856689453,5.349086284637451,4.757432460784912
39,",",0.08539023250341415,4.753661155700684,1.7598899602890015
40, me,0.39795684814453125,3.8528449535369873,3.1658775806427
41, Mut,0.3259021043777466,4.544186592102051,4.19728946685791
42,",",0.09052728116512299,5.121041297912598,2.0259342193603516
43, you,0.23908554017543793,4.31294059753418,1.3353347778320312
44, the,0.08493071049451828,5.776712894439697,1.9701826572418213
45, course,0.0773237869143486,6.171311378479004,3.3118460178375244
46, of,0.9550828337669373,0.40789151191711426,4.467167377471924
47, the,0.23153948783874512,3.615830659866333,1.960631012916565
48, few,0.12141317129135132,4.526684761047363,4.588953495025635
49, or,0.23721323907375336,3.545210838317871,2.1836419105529785
50, would,0.19540710747241974,3.6136112213134766,3.704017400741577
51, have,0.14727339148521423,4.912827968597412,3.7713348865509033
52, in,0.28538385033607483,2.881714344024658,2.8881659507751465
53, in,0.2553887665271759,3.0388846397399902,3.613837480545044
54,.,0.2410110980272293,3.661283016204834,2.1010053157806396
55, would,0.5118390917778015,2.306837558746338,5.032063007354736
56, be,0.047515347599983215,5.726099014282227,3.4608089923858643
57, you,0.684695839881897,2.1369645595550537,2.457857847213745
58,.,0.1491394340991974,4.1796979904174805,1.9134612083435059
59, you,0.18264524638652802,5.072803974151611,1.8884657621383667
60, would,0.7298461198806763,1.4712642431259155,5.442773818969727
61, go,0.03645244240760803,5.8422322273254395,3.51633882522583
62, the,0.2665908634662628,3.180325984954834,1.4121196269989014
63, would,0.34949755668640137,3.735745429992676,3.5181145668029785
64, a,0.13171693682670593,5.289574146270752,1.3005260229110718
65, most,0.058225490152835846,6.272176742553711,3.209031105041504
66, of,0.07406844198703766,6.572997570037842,1.8895666599273682
67, school,0.2882862389087677,4.904538154602051,4.814047813415527
68, player,0.13752636313438416,4.481045246124268,5.820281505584717
69, school,0.6504425406455994,2.378485918045044,6.79888391494751
70, runner,0.44831162691116333,3.692828416824341,6.9511847496032715
71, in,0.263290673494339,4.003821849822998,1.8719773292541504
72, the,0.7197446227073669,1.934166669845581,2.347224712371826
73, world,0.42548713088035583,2.4221813678741455,6.588687419891357
74,.,0.16734299063682556,5.227065086364746,2.054914951324463
75, States,0.9937617182731628,0.0535137876868248,10.137174606323242
76,.,0.1800842434167862,4.891935348510742,1.8369694948196411
77, high,0.04673164710402489,6.982967853546143,2.824784517288208
78, is,0.8116022348403931,1.28031587600708,3.7591757774353027
79," """,0.18443360924720764,6.458759784698486,1.9802231788635254
80,R,0.02372652478516102,7.192580699920654,3.8901381492614746
81,.,0.17253485321998596,5.874555587768555,1.987364649772644
82, he,0.45655393600463867,2.5475125312805176,2.3108866214752197
83, is,0.1645459234714508,4.559326648712158,3.3001322746276855
84, a,0.07473447173833847,5.150895595550537,1.8922457695007324
85, a,0.4380638003349304,2.8177177906036377,2.4451825618743896
86, machine,0.7841375470161438,1.9276171922683716,8.357463836669922
87,.,0.28047215938568115,4.506486415863037,2.1097211837768555
88, he,0.09612874686717987,5.219014644622803,2.473479986190796
89,'s,0.17301668226718903,4.398129940032959,3.5408525466918945
90, stops,0.11380341649055481,4.977409839630127,4.991246700286865
91, tired,0.3885573744773865,3.8054776191711426,5.734240531921387
92, of,0.4100080728530884,2.2863214015960693,3.046398401260376
93, loves,0.1306978315114975,4.352561950683594,3.957549810409546
94, a,0.17689011991024017,6.287021636962891,1.4974738359451294
95, to,0.7663516998291016,1.9083025455474854,3.2043919563293457
96, people,0.22341008484363556,5.284146785736084,2.7225351333618164
97,.,0.07603491097688675,5.603243827819824,1.437989592552185
98, the,0.29257580637931824,4.698843479156494,1.4945464134216309
99, room,0.2632540166378021,4.997799396514893,5.052168369293213
100,.,0.11511299014091492,5.415048122406006,1.5465830564498901
101, the,0.4706712067127228,3.4910879135131836,1.9865111112594604
102, stadium,0.07873565703630447,6.302831649780273,4.262794017791748
103,.,0.1897994428873062,5.031965255737305,1.7861535549163818
104,'s,0.11219341307878494,5.403585910797119,2.0109922885894775
105,.,0.19797438383102417,4.897370338439941,1.709020733833313
106, was,0.1329280585050583,4.774685859680176,2.335066795349121
107, him,0.14872145652770996,4.285913467407227,2.4613449573516846
108, he,0.11254499852657318,6.053086280822754,0.9877355098724365
109,'s,0.4530966579914093,2.932335615158081,3.2825214862823486
110, a,0.18182748556137085,5.266993522644043,1.8824164867401123
111, idea,0.12779442965984344,5.887641906738281,3.9254932403564453
112, of,0.2789285182952881,3.6205897331237793,2.251052141189575
113, winning,0.3478362262248993,3.6350743770599365,5.189929485321045
114, there,0.09703411906957626,4.757968902587891,2.2555735111236572
115,.,0.19287501275539398,3.6531739234924316,2.6503703594207764
116, for,0.36507299542427063,4.455526351928711,2.280153274536133
117,.,0.15938560664653778,4.799191951751709,3.1041147708892822
118, who,0.21203719079494476,3.703821897506714,2.445134401321411
119, of,0.1827368140220642,5.446645736694336,3.0717849731445312
120, who,0.05107757821679115,6.037961483001709,1.6188087463378906
121, he,0.4159179627895355,3.0992159843444824,1.9867902994155884
122, he,0.42715710401535034,3.8314645290374756,1.7828141450881958
123, can,0.27696746587753296,3.019551992416382,3.6362717151641846
124, beat,0.26566082239151,4.2694525718688965,4.778725624084473
125, beaten,0.2719046175479889,4.33331823348999,4.972877502441406
126,.,0.17264670133590698,4.3549394607543945,2.035264253616333
127, he,0.11012882739305496,5.6421403884887695,1.6395375728607178
128, him,0.09196878969669342,5.3629150390625,1.9484128952026367
129, guy,0.2305750995874405,5.57574462890625,3.9150407314300537
130, who,0.4584139287471771,3.121708631515503,3.246986150741577
131, is,0.04655835032463074,5.828622341156006,2.8443028926849365
132, be,0.4187290370464325,3.3128204345703125,4.625586986541748
133, better,0.5011925101280212,3.052572250366211,4.696202278137207
134,.,0.2259981334209442,4.285818099975586,3.976299524307251
135, the,0.23700296878814697,5.18441104888916,1.2562446594238281
136, guy,0.8104593753814697,1.4744787216186523,8.579432487487793
137, who,0.8217536807060242,1.2110177278518677,5.163120746612549
138, the,0.6797724366188049,2.3824214935302734,1.6936852931976318
139, best,0.05792994797229767,6.951329708099365,3.17698073387146
140,�,0.095731221139431,5.383703231811523,2.1844818592071533
141, the,0.22633756697177887,4.971072196960449,1.909273624420166
142, feet,0.16651640832424164,5.0557637214660645,4.473726272583008
143, away,0.26333382725715637,3.521127223968506,4.146194934844971
144, him,0.4304794669151306,3.38626766204834,3.356435537338257
145,.,0.1705193668603897,4.614260673522949,2.018141984939575
146,�,0.17627781629562378,4.025565147399902,3.9954090118408203
147,�,0.2526813745498657,4.0302581787109375,4.4412713050842285
148, you,0.32324114441871643,3.00689959526062,1.7957459688186646
149, do,0.08317036181688309,5.219512939453125,3.6277592182159424
150, he,0.22126078605651855,3.384298801422119,1.5492936372756958
151, was,0.22463031113147736,4.426170825958252,3.1231112480163574
152, the,0.23690401017665863,4.888681888580322,1.300973653793335
153,?,0.08028611540794373,4.709679126739502,2.493384599685669
154, I,0.292764812707901,3.335364818572998,1.6322828531265259
155, not,0.08610885590314865,5.637213706970215,2.026078701019287
156, sure,0.12942585349082947,5.269935131072998,2.603916645050049
157, sure,0.13956999778747559,5.268581867218018,2.808260917663574
158, guy,0.09482311457395554,5.282924175262451,4.2669548988342285
159, bat,0.09128083288669586,5.335900783538818,4.884592533111572
160, in,0.1658186912536621,4.753462314605713,1.7380801439285278
161, the,0.48039740324020386,2.5247507095336914,2.0551207065582275
162, team,0.9057093262672424,0.8422232866287231,7.615731716156006
163, school,0.9565913677215576,0.34988459944725037,8.737066268920898
164, team,0.9451051950454712,0.48656824231147766,7.896513938903809
165, I,0.08072246611118317,5.293276786804199,2.1258349418640137
166, why,0.23523950576782227,4.257749557495117,3.0414857864379883
167, good,0.04179469868540764,6.388662338256836,3.5343685150146484
168, who,0.38920390605926514,2.87644624710083,3.023730516433716
169, Ryan,0.016783829778432846,7.395883083343506,2.904512643814087
170,�,0.06361539661884308,7.094150543212891,3.0229859352111816
171,.,0.17768728733062744,4.296167373657227,2.5239930152893066
172, I,0.2592349052429199,3.7549400329589844,1.608264446258545
173, a,0.14448851346969604,4.723227500915527,2.017686605453491
174, a,0.06871549040079117,5.3667097091674805,2.2371723651885986
175, and,0.11375205218791962,4.641228675842285,1.6481492519378662
176, he,0.20379182696342468,4.251282691955566,1.8022327423095703
177, I,0.2491828203201294,3.931387424468994,1.617192268371582
178, been,0.4192088842391968,3.2938952445983887,4.797513961791992
179, him,0.430309534072876,3.211904287338257,3.6512255668640137
180, a,0.3056214153766632,3.6850876808166504,2.5684192180633545
181, a,0.2211323082447052,3.5040626525878906,3.4201388359069824
182, year,0.5216734409332275,1.5098540782928467,7.191648960113525
183, now,0.1679568588733673,4.051778316497803,2.1433331966400146
184, he,0.2710210680961609,3.613706111907959,2.1043925285339355
185, be,0.250042200088501,4.221388816833496,4.033872604370117
186, here,0.09772717952728271,5.127652168273926,2.856757164001465
187, around,0.10185788571834564,4.766583442687988,1.6800463199615479
188, team,0.2437434196472168,5.562260150909424,3.565101146697998
189, and,0.06873197108507156,5.582959175109863,2.021282911300659
190, and,0.08045557141304016,5.787174224853516,2.0512187480926514
191, the,0.22912505269050598,4.919382572174072,1.5958548784255981
192, show,0.05459386110305786,7.358006954193115,2.8306896686553955
193,.,0.233125239610672,4.337810516357422,1.816777229309082
194,.,0.20087647438049316,4.882480621337891,1.6876250505447388
195, med,0.17965900897979736,5.348081588745117,2.6969962120056152
196,.,0.21339184045791626,4.728104591369629,1.9076662063598633
197, I,0.14005722105503082,5.9034881591796875,1.1830097436904907
198,'s,0.1700613796710968,3.785921096801758,3.4583497047424316
199, been,0.4792135953903198,3.242666006088257,4.741424560546875
200, my,0.33648622035980225,3.4850709438323975,2.8452765941619873
201, a,0.16886284947395325,3.928926944732666,3.0083181858062744
202, know,0.12502886354923248,5.156094551086426,3.3524181842803955
203,",",0.28561538457870483,3.6158573627471924,1.813452959060669
204, I,0.2076379954814911,3.826930522918701,1.5300856828689575
205, going,0.1237214058637619,5.154015064239502,2.8119492530822754
206, of,0.7030049562454224,0.8690385222434998,5.149716854095459
207, running,0.05249267816543579,6.639014720916748,2.1796822547912598
208, little,0.018246367573738098,7.824256896972656,2.531938076019287
209, person,0.13752806186676025,5.627694606781006,3.9637489318847656
210,",",0.14526262879371643,4.142178058624268,1.748770833015442
211,'m,0.11656365543603897,4.349664211273193,4.169397830963135
212, don,0.06977295130491257,5.263813495635986,3.451275110244751
213,ed,0.7914081811904907,1.3794853687286377,7.659181594848633
214, and,0.1546935886144638,4.544789791107178,1.548742651939392
215, my,0.24891559779644012,4.344820499420166,1.8619585037231445
216, own,0.1649334728717804,5.513246536254883,4.446459770202637
217, clock,0.026398349553346634,7.121507167816162,3.846508502960205
218, and,0.1653226613998413,4.743172645568848,1.6935020685195923
219, just,0.09006884694099426,5.269682884216309,2.7467200756073
220, little,0.13696330785751343,6.043328762054443,3.498260974884033
221, kid,0.13416750729084015,5.167210102081299,4.215296268463135
222, I,0.11244592070579529,4.285298824310303,1.7585159540176392
223, a,0.3702407777309418,4.56999397277832,2.2892661094665527
224, boobs,0.07213044166564941,5.720664978027344,4.877811431884766
225, and,0.3104318380355835,3.2551913261413574,2.1306018829345703
226, a,0.18731753528118134,5.437384605407715,1.8567304611206055
227, on,0.40950074791908264,3.1356256008148193,3.4032554626464844
228, know,0.36148303747177124,3.586587905883789,4.709085941314697
229, I,0.23650780320167542,3.673252582550049,1.8155393600463867
230,'m,0.34242507815361023,3.8350672721862793,5.005795955657959
231, the,0.08320359140634537,6.2353973388671875,1.8769798278808594
232, and,0.16343916952610016,4.159165382385254,1.8419643640518188
233,'m,0.11773418635129929,4.8963189125061035,3.8479862213134766
234, have,0.09630107879638672,5.035648345947266,3.7689526081085205
235,",",0.0772012323141098,4.925671577453613,1.6367228031158447
236, my,0.27608969807624817,4.590564727783203,2.3140196800231934
237, treadmill,0.48389118909835815,3.646436929702759,8.850081443786621
238,.,0.1993216723203659,3.7144265174865723,2.030878782272339
239, I,0.36672118306159973,3.9703803062438965,1.6191942691802979
240, I,0.5442953705787659,2.23348069190979,2.1766257286071777
241, do,0.12858130037784576,4.223606586456299,4.205119609832764
242, about,0.15470923483371735,4.573864936828613,1.4610986709594727
243, I,0.13608328998088837,5.7335591316223145,1.08360755443573
244, going,0.11761012673377991,5.585482597351074,2.4424164295196533
245, I,0.14055897295475006,4.802455902099609,1.2442337274551392
246, the,0.1539865881204605,5.7973809242248535,1.2845224142074585
247, I,0.08194351196289062,5.4780964851379395,2.5681114196777344
248, I,0.17073124647140503,4.536182880401611,1.930702805519104
249,�,0.30795761942863464,3.6330881118774414,5.852557182312012
250, me,0.35518741607666016,2.944106101989746,4.06112813949585
251, on,0.5444396734237671,2.657196044921875,4.294609069824219
252, a,0.5615337491035461,3.2352001667022705,2.5095865726470947
253, a,0.3230498135089874,4.902453422546387,1.645707368850708
254,.,0.040039703249931335,6.665950298309326,3.3076186180114746
255, star,0.09725812822580338,6.631881237030029,3.479112148284912
256,.,0.15401297807693481,6.033606052398682,1.8220826387405396
257,.,0.2856068015098572,4.578213691711426,2.3008410930633545
258,'m,0.10490249842405319,4.48379373550415,4.116396427154541
259, so,0.08868744969367981,5.612664222717285,2.2778477668762207
260, against,0.30072370171546936,4.248456001281738,2.941035032272339
261, over,0.43060415983200073,2.8317856788635254,3.590067148208618
262, time,0.688482403755188,1.3615704774856567,5.8039069175720215
263,.,0.512774646282196,2.7625608444213867,2.842423677444458
264,.,0.20216894149780273,4.3115034103393555,2.0060253143310547
265, course,0.09614240378141403,5.813672065734863,1.782294750213623
266, day,0.06170149892568588,7.151618003845215,2.530369758605957
267,.,0.22477267682552338,4.159027576446533,1.851370930671692
268, I,0.2784165143966675,4.58099365234375,1.2770577669143677
269, not,0.07318762689828873,5.605123519897461,2.3038253784179688
270, it,0.08563504368066788,5.203253269195557,2.0087976455688477
271, the,0.20344628393650055,4.810099124908447,1.2799694538116455
272, points,0.05365319177508354,6.665881156921387,3.4156956672668457
273, and,0.17230123281478882,3.9135055541992188,1.9774057865142822
274, is,0.12711922824382782,4.07518196105957,2.7023699283599854
275, I,0.0817578136920929,5.128070831298828,2.7084574699401855
276, you,0.5020385980606079,1.9469259977340698,2.3708579540252686
277, have,0.13019222021102905,4.43133020401001,3.812899112701416
278, this,0.3180971145629883,2.804466724395752,2.438603401184082
279,?,0.5541092157363892,3.0311803817749023,4.360476493835449
280, a,0.08089170604944229,5.20853853225708,2.209860324859619
281, I,0.5618001222610474,2.6602420806884766,2.039330244064331
282, is,0.12164384126663208,5.709935188293457,2.402829647064209
283, is,0.2077856808900833,4.753134727478027,2.342998504638672
284, a,0.1481722891330719,4.981328964233398,1.654051423072815
285, the,0.09377101063728333,5.707019805908203,3.702481269836426
286, same,0.044399574398994446,6.793619155883789,3.5029358863830566
287, and,0.18468764424324036,4.842308521270752,2.1251237392425537
288, I,0.28732776641845703,3.953190803527832,1.4689515829086304
289, dad,0.13493111729621887,5.187650203704834,4.957247257232666
290, live,0.2062002718448639,3.626119375228882,4.658728122711182
291, up,0.9880780577659607,0.1225876733660698,6.932335376739502
292, and,0.22633937001228333,4.53664493560791,2.039083957672119
293, I,0.20608462393283844,4.1720075607299805,1.7070906162261963
294, I,0.40177541971206665,3.24861478805542,2.044639825820923
295, I,0.42730069160461426,3.1245479583740234,2.0996875762939453
296, kids,0.035988058894872665,7.283234119415283,2.9924476146698
297, are,0.07752261310815811,4.895793437957764,1.9348933696746826
298, from,0.1316826343536377,6.156536102294922,1.6283276081085205
299, bad,0.05451059341430664,7.324519634246826,2.7225451469421387
300, guys,0.2426234781742096,4.4526567459106445,4.069282531738281
301, are,0.16819614171981812,4.586245059967041,2.264373540878296
302,.,0.3571063280105591,3.31683349609375,2.6919338703155518
303,'m,0.09975115954875946,4.715727806091309,3.927203893661499
304, from,0.1353043019771576,5.29655122756958,1.8569318056106567
305, the,0.1466904878616333,5.3954877853393555,2.300548791885376
306,.,0.2458617389202118,3.098691940307617,2.9240686893463135
307,",",0.2966812252998352,2.9083495140075684,2.4758176803588867
308, I,0.3329058885574341,3.182887554168701,1.9778434038162231
309, bad,0.038442857563495636,7.222140312194824,2.620061159133911
310, are,0.15979249775409698,4.2480669021606445,2.211848497390747
311, the,0.09317047894001007,6.090233325958252,2.6981735229492188
312, shirts,0.6080480217933655,2.2404956817626953,9.722390174865723
313, and,0.3529163599014282,3.22943377494812,2.2691593170166016
314, the,0.046543754637241364,6.712554454803467,1.8342716693878174
315, women,0.5045205950737,3.774123191833496,5.164209365844727
316, girls,0.1342010796070099,4.991856575012207,4.6538615226745605
317, wear,0.1570589244365692,4.779469013214111,3.8506672382354736
318, baseball,0.03879522159695625,7.0336432456970215,3.3519766330718994
319, and,0.3088435232639313,2.5590498447418213,3.076748847961426
320, from,0.6924991011619568,2.507528781890869,3.923689365386963
321, West,0.0779767781496048,5.99691104888916,3.7433104515075684
322, Bronx,0.13605988025665283,6.268293380737305,4.65108060836792
323, where,0.5442821979522705,2.3424575328826904,3.9019253253936768
324, I,0.12386089563369751,5.7919182777404785,1.4399749040603638
325, the,0.3070875108242035,5.445492744445801,1.4229605197906494
326,.,0.3308064043521881,3.6932106018066406,2.1078262329101562
327, I,0.1564953476190567,5.3224005699157715,0.8147202730178833
328, is,0.3787548542022705,4.918216705322266,2.2336525917053223
329, is,0.22778595983982086,5.133125305175781,2.904949903488159
330, the,0.33331596851348877,2.8862340450286865,1.9757522344589233
331, question,0.4571535289287567,3.990919828414917,5.571172714233398
332, of,0.2038435935974121,3.7666728496551514,2.9130799770355225
333, what,0.15292571485042572,4.032223224639893,3.1721267700195312
334,'s,0.08037658035755157,5.385371208190918,1.7158374786376953
335, should,0.13694220781326294,4.148446559906006,3.7681384086608887
336, from,0.3970297873020172,3.2381269931793213,3.161980152130127
337, we,0.24801495671272278,4.853676795959473,1.781721830368042
338, tell,0.09058871120214462,5.413273334503174,4.029946327209473
339, a,0.2652486562728882,4.881465911865234,1.5217548608779907
340, dog,0.07644820958375931,7.10422420501709,3.0602810382843018
341, that,0.33878093957901,3.6535003185272217,2.24220609664917
342, makes,0.07925588637590408,5.0576910972595215,3.109555959701538
343, can,0.18829572200775146,4.554318904876709,3.527874708175659
344, had,0.08176122605800629,5.097558498382568,3.29404878616333
345, to,0.11616119742393494,4.861730575561523,2.3745596408843994
346, use,0.09062761813402176,4.9017839431762695,3.928593635559082
347,?,0.29159146547317505,3.92366361618042,2.76798939704895
348, you,0.3182036578655243,2.5981833934783936,1.9959031343460083
349,'re,0.17872513830661774,3.9590749740600586,4.200902462005615
350, have,0.3477429747581482,3.484910726547241,4.404751300811768
351, it,0.24453559517860413,4.380071640014648,1.757757306098938
352, enemy,0.14682960510253906,5.346995830535889,5.162851810455322
353, that,0.20055951178073883,3.942213296890259,2.482905626296997
354, you,0.17388035356998444,4.4936089515686035,2.651817798614502
355, that,0.16110867261886597,4.2379608154296875,1.5637487173080444
356,?,0.48214229941368103,3.3019392490386963,3.779719591140747
357, the,0.11578360199928284,5.607019424438477,1.9044926166534424
358, words,0.7084961533546448,2.0712740421295166,7.3632988929748535
359,",",0.6046455502510071,2.3117482662200928,2.901019334793091
360, you,0.6184799671173096,2.4926483631134033,2.4504003524780273
361, only,0.04361671581864357,6.995824813842773,2.8936891555786133
362,",",0.05095570534467697,7.2641072273254395,1.664723515510559
363, in,0.03297502174973488,6.467299938201904,1.5585145950317383
364, the,0.06689073890447617,7.269313335418701,0.926546573638916
365,",",0.13658006489276886,4.836634635925293,1.962861180305481
366,?,0.1929856240749359,4.0659003257751465,2.773686408996582
367, they,0.41100531816482544,3.018237590789795,2.0782477855682373
368, are,0.11580035090446472,4.676426410675049,3.5982909202575684
369, in,0.5808539390563965,2.461138963699341,2.9738011360168457
370, a,0.20949171483516693,4.711400508880615,1.9688831567764282
371, Bronx,0.4970172345638275,3.74292254447937,8.265371322631836
372, and,0.18330557644367218,3.9112043380737305,2.4960687160491943
373, are,0.13476112484931946,5.493918418884277,1.572309970855713
374, they,0.47383302450180054,3.837953567504883,1.925972819328308
375, just,0.0970323383808136,6.117429733276367,1.6487176418304443
376, because,0.7300214767456055,1.9352924823760986,5.36607551574707
377, they,0.7324076890945435,1.751774549484253,3.0743496417999268
378, live,0.44992274045944214,3.0553810596466064,5.411491394042969
379, the,0.2790341377258301,4.26832914352417,1.4197078943252563
380, of,0.33637502789497375,5.168845176696777,3.025695562362671
381, of,0.9984422326087952,0.020150957629084587,4.796771049499512
382, wealth,0.030534913763403893,7.310052394866943,3.1248178482055664
383, from,0.3155815005302429,3.4479176998138428,2.9720218181610107
384, in,0.6126323342323303,0.9219285249710083,3.6055185794830322
385,?,0.25471076369285583,3.5763330459594727,2.91914439201355
386, their,0.187716543674469,5.410282135009766,2.1154191493988037
387, parents,0.34362104535102844,3.881711959838867,6.150052070617676
388, parents,0.12261461466550827,5.074760437011719,5.263518810272217
389, upbringing,0.15194375813007355,5.150447845458984,5.23032283782959
390,?,0.6006134748458862,2.39947772026062,4.551479816436768
391, they,0.2501579821109772,4.965399265289307,1.8505643606185913
392, not,0.08640703558921814,6.1690473556518555,2.1952593326568604
393, used,0.06790041923522949,6.143864154815674,3.4935293197631836
394, by,0.5922718644142151,2.165682315826416,4.017653465270996
395, their,0.24199308454990387,4.597811698913574,1.764020323753357
396, tough,0.08982786536216736,7.152985095977783,3.20825457572937
397, Bronx,0.35991039872169495,4.712862491607666,6.818399429321289
398, parents,0.4065825641155243,3.681469202041626,6.227762699127197
399,.,0.33135348558425903,3.15620756149292,2.960914134979248
400, they,0.08493062108755112,5.359566688537598,1.0343276262283325
401,",",0.6465667486190796,2.5247745513916016,2.2674949169158936
402, do,0.12042682617902756,4.481277942657471,2.128840208053589
403, I,0.9849029779434204,0.14524929225444794,3.689558982849121
404, not,0.0653524398803711,5.732802867889404,2.522988796234131
405, little,0.021094201132655144,7.043252468109131,3.213433265686035
406,?,0.18041808903217316,4.385798454284668,2.1661148071289062
407, it,0.2131018191576004,4.061642646789551,1.5428340435028076
408, because,0.16616936028003693,4.862736225128174,2.276675224304199
409,'s,0.24466572701931,2.9676175117492676,2.874067783355713
410, it,0.6874582767486572,2.333543062210083,2.597184658050537
411, nature,0.3383866548538208,5.052398204803467,3.5951335430145264
412, Is,0.18230704963207245,3.839550256729126,3.1376962661743164
413,'m,0.13534362614154816,4.3854522705078125,4.172712326049805
414, to,0.29888805747032166,4.640899658203125,1.7930762767791748
415, be,0.17125938832759857,5.357218265533447,3.8949944972991943
416, I,0.06395450234413147,5.220673561096191,1.4415442943572998
417, I,0.1152752935886383,5.163092613220215,1.4704973697662354
418, all,0.06296853721141815,6.590979099273682,1.482097864151001
419, out,0.13366173207759857,4.8959269523620605,1.844366192817688
420, running,0.10832232236862183,6.37501335144043,1.9578386545181274
421, We,0.13773685693740845,5.85654354095459,1.9861027002334595
422, the,0.20260585844516754,5.825629711151123,1.2042878866195679
423, direction,0.04083931818604469,7.258171558380127,2.6751489639282227
424, We,0.13403631746768951,5.2292866706848145,2.175337314605713
425, we,0.2485000491142273,4.4544782638549805,1.3085131645202637
426, race,0.03817268833518028,7.414836406707764,2.4394586086273193
427, who,0.15320460498332977,4.91544771194458,1.7478374242782593
428, I,0.24501468241214752,3.508049488067627,1.7240418195724487
429, got,0.24247121810913086,3.883214235305786,4.407630920410156
430, to,0.4789085388183594,3.375537395477295,2.324840545654297
431, do,0.26627877354621887,3.7785751819610596,4.830561637878418
432, Is,0.16745448112487793,4.34671688079834,3.335111618041992
433, that,0.17236995697021484,4.773941516876221,1.5514191389083862
434, heart,0.056898921728134155,6.484333515167236,3.542914628982544
435, are,0.13296344876289368,5.299190998077393,2.6283178329467773
436, know,0.07927503436803818,5.121514797210693,3.6025733947753906
437, me,0.5625860691070557,2.7517831325531006,4.0416259765625
438,�,0.13220421969890594,4.359560489654541,6.168797016143799
439, career,0.29713335633277893,4.374979496002197,5.964749813079834
440,.,0.14601078629493713,4.808747291564941,2.342346429824829
441, that,0.3273041546344757,2.737391233444214,2.06801176071167
442, much,0.2377944141626358,3.6197218894958496,4.3759260177612305
443,.,0.3555137515068054,3.769179582595825,2.529590368270874
444, they,0.2790765166282654,3.221672773361206,1.7967727184295654
445, lot,0.3795143663883209,3.438030958175659,5.66112756729126
446, years,0.34342876076698303,4.057894706726074,3.94684100151062
447, ago,0.6596479415893555,1.6284151077270508,6.878959655761719
448, I,0.23282501101493835,3.9749956130981445,1.6564712524414062
449, was,0.5942287445068359,1.995718240737915,4.518812656402588
450, a,0.46014055609703064,3.470883846282959,1.930774450302124
451, accident,0.17171639204025269,4.958682537078857,5.6659746170043945
452,.,0.22760973870754242,3.857523202896118,1.8878779411315918
453, parents,0.2142062485218048,4.240034103393555,5.7717671394348145
454, was,0.13747015595436096,4.851612091064453,2.651094913482666
455, me,0.5930668115615845,2.312767744064331,4.381665229797363
456, to,0.6714625358581543,1.8518906831741333,3.4880006313323975
457, the,0.14951428771018982,5.004211902618408,2.450193405151367
458, school,0.21466964483261108,5.1294403076171875,4.531760215759277
459, and,0.18986909091472626,4.1169114112854,1.8194892406463623
460, the,0.10287600010633469,5.95791482925415,3.013216733932495
461, same,0.0434977188706398,6.840597152709961,3.1809661388397217
462,.,0.20544861257076263,3.7111423015594482,1.9452413320541382
463, I,0.12277156859636307,5.131557941436768,1.6219016313552856
464, was,0.36647433042526245,3.874366283416748,2.864788055419922
465, the,0.104794442653656,5.25791072845459,1.0529673099517822
466, of,0.9946452379226685,0.05623651295900345,4.7675652503967285
467, a,0.17757675051689148,4.666562557220459,2.482203245162964
468,.,0.3826933801174164,2.7517991065979004,2.948500394821167
469, I,0.22916395962238312,3.9875998497009277,1.3497610092163086
470, like,0.12149398773908615,4.80134391784668,3.4884235858917236
471, to,0.27716585993766785,3.8272957801818848,1.8769118785858154
472, accident,0.09141510725021362,5.749421119689941,4.804509162902832
473,-,0.5417560935020447,2.57116961479187,4.498730659484863
474,.,0.1231030598282814,4.597364902496338,1.6854052543640137
475, I,0.20029345154762268,4.570408344268799,1.5523053407669067
476, was,0.19581979513168335,4.30361270904541,3.5610623359680176
477, the,0.09653900563716888,4.6427388191223145,2.1315245628356934
478, of,0.953495979309082,0.31229081749916077,4.684581756591797
479, in,0.09904535859823227,5.928257942199707,1.8736909627914429
480,.,0.21148259937763214,4.218484878540039,1.901943564414978
481, I,0.39859724044799805,3.5433313846588135,1.5343480110168457
482, I,0.37016013264656067,2.9425408840179443,1.9197336435317993
483, saying,0.08296097069978714,5.8739495277404785,2.6770033836364746
484, home,0.11132758110761642,4.109593391418457,2.4775283336639404
485, to,0.11553320288658142,4.301342964172363,2.797502040863037
486, and,0.17404478788375854,3.8236072063446045,1.823233962059021
487, I,0.19898514449596405,3.5713512897491455,2.0804009437561035
488, was,0.12526468932628632,4.560690879821777,3.486182689666748
489, around,0.2189657837152481,3.216416120529175,3.0724940299987793
490, me,0.7861647009849548,1.5300612449645996,5.634725570678711
491, and,0.7337758541107178,1.757192850112915,3.6959755420684814
492, said,0.7258198261260986,1.758293628692627,4.698173999786377
493, said,0.5868319272994995,2.5903663635253906,4.53800630569458
494,",",0.3335994482040405,3.261308193206787,3.2630982398986816
495, know,0.2239537239074707,4.019415378570557,4.355016708374023
496,",",0.3215886354446411,3.1847543716430664,2.2304093837738037
497,'m,0.17616991698741913,4.075861930847168,4.35455322265625
498, you,0.2869641184806824,3.1458871364593506,1.656861662864685
499, were,0.5142885446548462,2.792430877685547,4.54344367980957
500, going,0.12034513801336288,5.192153453826904,2.799877405166626
501, to,0.9987654685974121,0.014893883839249611,4.398863792419434
502, be,0.28356361389160156,4.232254981994629,4.091609477996826
503, here,0.0811755582690239,5.650000095367432,2.082941770553589
504,.,0.16853198409080505,4.079567909240723,2.3768985271453857
505, I,0.23907390236854553,3.9164326190948486,1.5985233783721924
506, you,0.2794319987297058,3.4379959106445312,1.6963157653808594
507, made,0.0877087265253067,4.732522964477539,4.385961055755615
508, was,0.4359167218208313,3.063014268875122,3.5287632942199707
509,.,0.19492405652999878,3.9679391384124756,2.051360607147217
510,.,0.19640427827835083,3.930314064025879,2.0852577686309814
511, I,0.551792562007904,2.573755979537964,1.9951902627944946
512, was,0.09192459285259247,4.304868221282959,3.949239730834961
513, have,0.09181675314903259,4.1511664390563965,4.321962833404541
514, you,0.13866174221038818,3.8120555877685547,1.6300723552703857
515, you,0.21629923582077026,4.648922443389893,1.3776326179504395
516, a,0.16692939400672913,4.247707843780518,1.7179564237594604
517, as,0.9323064088821411,0.41880953311920166,5.754034519195557
518, I,0.5005545020103455,2.265481948852539,2.0561740398406982
519, started,0.06361056119203568,5.0855255126953125,3.711230516433716
520, it,0.17985430359840393,3.781707286834717,2.116731643676758
521, I,0.1361798197031021,4.654225826263428,1.8040211200714111
522, was,0.25158530473709106,4.435179233551025,3.409152030944824
523, it,0.574170708656311,2.714169502258301,2.6222586631774902
524,.,0.1381836235523224,5.089898586273193,2.487778425216675
525, I,0.3843555748462677,3.588761806488037,1.8317902088165283
526, I,0.39414235949516296,2.948387384414673,1.9707492589950562
527, said,0.15691503882408142,5.118954181671143,3.0586254596710205
528, around,0.2356930524110794,3.141880512237549,3.401867628097534
529, me,0.5832543969154358,2.760802984237671,4.567767143249512
530, and,0.6010393500328064,2.717717409133911,3.115962266921997
531, said,0.6998609304428101,2.044065237045288,4.92125940322876
532, said,0.5610448718070984,2.917189836502075,4.608588218688965
533,",",0.20296263694763184,3.847865104675293,2.081209659576416
534, then,0.157060444355011,4.367361068725586,2.3756792545318604
535, going,0.3569674789905548,3.743738889694214,3.9513628482818604
536, care,0.21646729111671448,3.732820749282837,2.8574185371398926
537, break,0.26123884320259094,3.9420008659362793,6.042431831359863
538, and,0.11736690253019333,4.678401470184326,1.8716555833816528
539, going,0.3001672625541687,4.116659641265869,3.8132858276367188
540, to,0.7725453972816467,1.5853040218353271,3.4930877685546875
541, go,0.13828815519809723,5.294704914093018,3.457369565963745
542, you,0.8011196255683899,1.350260615348816,3.052586078643799
543, how,0.12483633309602737,4.309454917907715,2.2020554542541504
544, I,0.24425193667411804,3.3190414905548096,1.6948387622833252
545,'m,0.14500488340854645,4.358631134033203,4.311346054077148
546, up,0.9696432948112488,0.2918529808521271,6.761708736419678
547,.,0.234808549284935,3.9124789237976074,1.9125747680664062
548, first,0.13243673741817474,5.111651420593262,3.252753734588623
549, I,0.11662419885396957,4.35723876953125,2.2186949253082275
550,�,0.1199016198515892,4.387964725494385,2.332209348678589
551, I,0.43311381340026855,3.012568235397339,1.9551082849502563
552, was,0.1467430293560028,3.9375247955322266,4.629708766937256
553, up,0.9934684038162231,0.07284096628427505,6.973278999328613
554,.,0.20615831017494202,4.43080472946167,1.6104061603546143
555, the,0.10008164495229721,6.593377113342285,1.9826446771621704
556, middle,0.0523357056081295,6.7273335456848145,3.2188315391540527
557,.,0.24469538033008575,4.267939567565918,2.088423490524292
558, I,0.18827326595783234,4.924057483673096,1.2139183282852173
559,'m,0.1316332370042801,4.753215789794922,4.036048889160156
560, I,0.18219119310379028,3.4951388835906982,1.3206180334091187
561, I,0.29930415749549866,3.624023199081421,1.4919869899749756
562,'s,0.1639738231897354,4.951817989349365,2.813084363937378
563, that,0.37817659974098206,2.3180713653564453,2.3439900875091553
564, is,0.39968931674957275,2.8657853603363037,2.5067615509033203
565, because,0.4248533844947815,3.1346545219421387,3.295396089553833
566, not,0.11036816239356995,5.407465934753418,2.214677095413208
567, not,0.11239439994096756,5.476196765899658,1.8180718421936035
568, years,0.4485703408718109,2.810201406478882,4.129973411560059
569, old,0.9164908528327942,0.564992368221283,7.350978851318359
570, and,0.2463010847568512,3.076155424118042,2.4018771648406982
571, 18,0.08478187769651413,5.509469032287598,2.274211883544922
572, to,0.13461929559707642,4.385836601257324,3.1556153297424316
573, go,0.13372069597244263,4.445885181427002,4.307459354400635
574, for,0.1845828741788864,4.366100311279297,1.8156712055206299
575, college,0.1718454658985138,4.729413986206055,3.4500746726989746
576,.,0.19281388819217682,4.122941017150879,2.0203235149383545
577, 18,0.14127925038337708,5.039909362792969,2.619527578353882
578, little,0.06946748495101929,6.188331127166748,3.30582594871521
579, I,0.14815020561218262,4.091777324676514,1.6539535522460938
580, high,0.4216950237751007,2.8211586475372314,5.645133972167969
581, school,0.9932706952095032,0.04694188013672829,8.986064910888672
582, I,0.351041704416275,3.330768346786499,1.8262218236923218
583, I,0.4419364631175995,3.6850907802581787,1.6504656076431274
584,�,0.41598570346832275,3.520367383956909,6.415487766265869
585, I,0.4166052043437958,2.9726505279541016,1.8616217374801636
586,'s,0.14244136214256287,4.371738433837891,2.9515092372894287
587, to,0.7322651743888855,1.2563825845718384,3.759369134902954
588, go,0.2565270960330963,3.7874433994293213,4.792461395263672
589, me,0.7808361649513245,1.2801562547683716,5.689328193664551
590, go,0.34977880120277405,3.0756657123565674,5.274402141571045
591, that,0.20329509675502777,3.27772855758667,2.1338984966278076
592, was,0.2711005210876465,3.245746374130249,4.236606121063232
593, to,0.602471113204956,1.2933881282806396,4.078104496002197
594, go,0.14283515512943268,4.098714351654053,4.620781898498535
595, me,0.6880571246147156,1.7223893404006958,5.162402629852295
596, how,0.13319234549999237,3.8412623405456543,2.2380831241607666
597, she,0.46110159158706665,2.908036231994629,2.5310473442077637
598, was,0.18213258683681488,3.7054412364959717,4.151305675506592
599, a,0.18493178486824036,4.9915690422058105,1.9025102853775024
600, for,0.2009812742471695,3.8187713623046875,2.6364998817443848
601, the,0.12011320143938065,3.9112751483917236,4.093667507171631
602, me,0.2379571944475174,3.795728921890259,3.0229854583740234
603, of,0.5875881314277649,1.888510823249817,3.24407696723938
604, the,0.1454741209745407,4.553346633911133,2.7543416023254395
605, life,0.048263221979141235,5.864502429962158,3.918471097946167
606,.,0.3168972134590149,2.70965838432312,3.107511281967163
607, that,0.1965244561433792,4.5661540031433105,1.7872828245162964
608, of,0.966097354888916,0.2764371931552887,4.583564281463623
609, the,0.19005931913852692,4.4225172996521,2.7708301544189453
610, city,0.06526350229978561,6.39479398727417,3.698150157928467
611, neighborhood,0.13482338190078735,5.474545955657959,4.750968933105469
612, she,0.27330783009529114,3.1833415031433105,3.0880019664764404
613, was,0.18813495337963104,3.8458235263824463,3.919647216796875
614, up,0.9950599074363708,0.052598755806684494,6.988532543182373
615, in,0.6640326380729675,1.7224127054214478,3.6637020111083984
616,.,0.47518253326416016,2.2562758922576904,3.353372573852539
617,ré,0.07037968933582306,5.760558128356934,2.663111686706543
618, she,0.39520567655563354,3.6536145210266113,2.0112791061401367
619, were,0.09863624721765518,4.830536842346191,3.197815179824829
620, to,0.15769997239112854,5.137869358062744,1.8241304159164429
621, be,0.07617215067148209,5.116110801696777,4.140836238861084
622, for,0.31726697087287903,3.102876663208008,2.6854727268218994
623, the,0.21065321564674377,4.239413261413574,2.1499435901641846
624, country,0.2241595983505249,4.787774085998535,4.658661365509033
625,",",0.13220830261707306,3.4658350944519043,2.0603983402252197
626, when,0.15829794108867645,3.422449827194214,2.458892583847046
627, you,0.8216029405593872,1.0928776264190674,2.9436492919921875
628,'re,0.35479363799095154,2.4911420345306396,5.549765110015869
629, to,0.8417325615882874,1.1167279481887817,3.5648722648620605
630, be,0.1778942048549652,4.174042701721191,4.574972152709961
631, a,0.2496536672115326,4.032209873199463,3.0938923358917236
632,.,0.14844155311584473,3.410167694091797,2.4115748405456543
633, it,0.1672869771718979,3.7710647583007812,3.036396026611328
634,.,0.19097818434238434,3.4562857151031494,2.99587345123291
635, you,0.12145240604877472,4.460421562194824,1.333094835281372
636, is,0.4690026044845581,4.141416072845459,2.6532466411590576
637, is,0.2979497015476227,4.152573585510254,2.047987699508667
638, is,0.27121710777282715,4.4974470138549805,1.659360647201538
639, living,0.08074028044939041,5.666150093078613,2.328690767288208
640, care,0.08905255794525146,5.134817600250244,1.8465334177017212
641, to,0.3175644874572754,3.9693291187286377,2.304821491241455
642, is,0.15720953047275543,5.583461284637451,1.29012930393219
643,�,0.06579423695802689,7.084244728088379,2.7801976203918457
644, to,0.2885631322860718,4.690092086791992,1.9652849435806274
645, beautiful,0.03333600237965584,7.076812744140625,2.925220489501953
646, a,0.0645255446434021,7.024439811706543,1.4706236124038696
647, things,0.04788440093398094,6.976035118103027,2.959892749786377
648, dreams,0.15176750719547272,4.902333736419678,5.604582786560059
649, of,0.1412183791399002,4.594334125518799,1.6068583726882935
650, her,0.20706550776958466,5.552427291870117,1.9731332063674927
651, in,0.13321776688098907,5.448474407196045,1.824404001235962
652, girl,0.09500561654567719,6.157890319824219,4.098966121673584
653, and,0.15640075504779816,4.7732343673706055,1.5594837665557861
654, like,0.11522005498409271,5.410231590270996,2.0602052211761475
655, the,0.1881580352783203,4.561847686767578,1.6450873613357544
656, date,0.0335235632956028,6.715971946716309,3.5414071083068848
657, and,0.09635261446237564,5.575719833374023,1.4085965156555176
658, her,0.2540774345397949,4.129949569702148,2.295048236846924
659, Stadium,0.8640435934066772,1.1256914138793945,11.418869972229004
660,.,0.1953372210264206,4.293641567230225,1.559017539024353
661, she,0.11068084836006165,5.513350486755371,1.0487778186798096
662, has,0.097342349588871,5.1765642166137695,2.658381223678589
663, I,0.31657102704048157,3.7276792526245117,2.334588050842285
664, family,0.15111160278320312,4.739414691925049,5.046665191650391
665, are,0.14433375000953674,5.334463119506836,2.224292516708374
666, to,0.9060013890266418,0.7905323505401611,3.8077449798583984
667, go,0.14227762818336487,4.753654956817627,4.432321071624756
668, up,0.1194041296839714,4.092583179473877,2.9801080226898193
669, in,0.07805192470550537,4.345523834228516,2.144688844680786
670, the,0.3319430351257324,4.707017421722412,1.4266796112060547
671, and,0.12828917801380157,4.784884929656982,2.3097269535064697
672, the,0.29103872179985046,4.081183433532715,1.5246750116348267
673, hill,0.20946212112903595,5.906285285949707,4.871608734130859
674,.,0.21786658465862274,3.5795609951019287,2.1390442848205566
675, the,0.3956241011619568,2.6554369926452637,3.5129878520965576
676, way,0.6052461266517639,1.0964272022247314,6.296689033508301
677, to,0.4980694353580475,1.979111909866333,3.8041131496429443
678, the,0.29577627778053284,5.578322887420654,2.290379524230957
679, stadium,0.06869544088840485,6.823301792144775,4.010702610015869
680,.,0.4506598711013794,2.940244674682617,2.719125509262085
681, then,0.0825737714767456,5.789026260375977,1.5759329795837402
682, the,0.42379724979400635,3.862455129623413,1.8494164943695068
683, they,0.3087967336177826,3.524794101715088,2.00276780128479
684, friends,0.1840420663356781,5.290747165679932,4.533148765563965
685, would,0.31034383177757263,4.223097324371338,3.2929201126098633
686, come,0.0825752317905426,5.2205586433410645,4.096446990966797
687, her,0.7441195845603943,1.6244111061096191,4.71852445602417
688, to,0.4127560257911682,3.3610074520111084,2.80645489692688
689, her,0.2859228849411011,4.687536239624023,3.244948387145996
690, brother,0.11470983177423477,4.385106563568115,5.819835662841797
691, to,0.33804088830947876,3.435157537460327,2.657107353210449
692, to,0.4458867907524109,2.9418272972106934,2.269568920135498
693, the,0.42833077907562256,4.45180606842041,1.7110294103622437
694, river,0.1083391085267067,6.164425373077393,4.6699981689453125
695, and,0.22335180640220642,3.5222742557525635,2.621971607208252
696, night,0.41200199723243713,3.5545406341552734,4.880037307739258
697, and,0.15342631936073303,3.755319356918335,2.6068098545074463
698, she,0.08198828995227814,5.7111897468566895,2.632101535797119
699, be,0.04677698016166687,5.748717308044434,3.100773334503174
700, her,0.38739728927612305,3.6464731693267822,2.8828325271606445
701, a,0.09633100777864456,4.9553327560424805,1.7605050802230835
702, and,0.1667759269475937,3.846219301223755,2.09755802154541
703, the,0.5060518383979797,2.878286361694336,1.7034056186676025
704, roof,0.12736937403678894,5.372861385345459,5.26714563369751
705,.,0.24845358729362488,3.396573066711426,3.850579261779785
706, she,0.10290919989347458,5.351314544677734,1.1413325071334839
707, was,0.1906082183122635,3.9479711055755615,3.3028414249420166
708, not,0.15243399143218994,4.688228607177734,1.9538140296936035
709, the,0.17672735452651978,4.616860866546631,1.2826653718948364
710, police,0.023484284058213234,7.768345355987549,2.441277503967285
711, were,0.1660574972629547,4.300160884857178,3.2625844478607178
712, along,0.14400731027126312,3.455103635787964,3.3206980228424072
713, went,0.2075088769197464,4.805856227874756,2.5243465900421143
714, about,0.23477692902088165,4.809712886810303,2.309401750564575
715, about,0.15977920591831207,5.654754161834717,1.7904099225997925
716, the,0.19955866038799286,4.733024597167969,1.7217527627944946
717, city,0.10279428958892822,6.238005638122559,3.471832513809204
718,.,0.24853497743606567,4.2584028244018555,2.517883777618408
719, I,0.0854109525680542,5.018499851226807,0.957229495048523
720, went,0.06550300121307373,5.394874572753906,3.0745885372161865
721, what,0.10562262684106827,4.308835506439209,1.578574538230896
722, not,0.09463538974523544,5.4407501220703125,1.8369834423065186
723,.,0.1118519976735115,5.194708824157715,1.9742778539657593
724, from,0.08494716882705688,5.7738118171691895,1.7846946716308594
725, she,0.22888657450675964,4.619747161865234,1.4815576076507568
726,'s,0.18977496027946472,4.312166690826416,3.4698963165283203
727, know,0.1982191950082779,3.4734365940093994,5.314075946807861
728, what,0.23391404747962952,3.5379505157470703,2.9911317825317383
729, to,0.3962685763835907,3.400636672973633,2.8605849742889404
730, she,0.11100345104932785,4.803955554962158,2.226123332977295
731,'s,0.1503632813692093,4.929691314697266,3.026177406311035
732, to,0.0967065617442131,5.19412899017334,1.596352458000183
733, and,0.10546914488077164,5.415729999542236,1.5437161922454834
734, lot,0.5811308026313782,2.8536667823791504,6.474030017852783
735, and,0.23062637448310852,5.134989261627197,1.9629515409469604
736, she,0.10374872386455536,5.77333927154541,2.4166319370269775
737, doesn,0.10745352506637573,4.8759989738464355,3.8343148231506348
738, over,0.26405537128448486,2.997720718383789,3.6189889907836914
739, to,0.21412663161754608,4.31057071685791,1.638898253440857
740, the,0.3610200583934784,3.9266343116760254,1.8681626319885254
741, corner,0.08502338081598282,6.110912322998047,4.1094560623168945
742, and,0.23503094911575317,4.3331146240234375,2.0772783756256104
743, a,0.19408980011940002,4.217371940612793,2.353968381881714
744, of,0.9786171317100525,0.2083739936351776,4.664050579071045
745, her,0.3041315972805023,3.4697766304016113,2.63551926612854
746, place,0.05750709027051926,6.459224700927734,3.4743032455444336
747,.,0.2311861515045166,3.786952257156372,2.332364797592163
748,.,0.2284764051437378,3.976710081100464,2.0049970149993896
749, morning,0.22498710453510284,4.555160999298096,4.1728363037109375
750, is,0.22730427980422974,4.356543064117432,1.8933979272842407
751, she,0.2912004888057709,4.084533214569092,1.8503859043121338
752, a,0.14303793013095856,5.296872138977051,1.835758924484253
753, the,0.3364388346672058,2.4657373428344727,2.7296674251556396
754, the,0.37121713161468506,2.4542431831359863,2.267226457595825
755, belongings,0.0963883250951767,5.996533393859863,4.280361652374268
756, memories,0.4153040945529938,3.9787237644195557,5.85907506942749
757,.,0.21407821774482727,4.191072463989258,2.1743886470794678
758, she,0.07294078916311264,5.948871612548828,1.9681200981140137
759,'re,0.10074377059936523,4.728079319000244,3.5301170349121094
760, at,0.3737477958202362,2.7762398719787598,3.780198574066162
761, we,0.12221097201108932,4.520831108093262,2.8717992305755615
762, like,0.16144728660583496,5.2258620262146,2.367523193359375
763, beautiful,0.07831823825836182,6.137457370758057,3.705059766769409
764, of,0.9362349510192871,0.5537219643592834,4.414900302886963
765, garbage,0.04517227038741112,6.434028625488281,4.102928638458252
766, and,0.24994061887264252,3.7910618782043457,2.311826467514038
767, the,0.2982926368713379,3.0187010765075684,2.9078922271728516
768, old,0.18378707766532898,4.108577728271484,6.602711200714111
769, lot,0.1509232521057129,4.704679012298584,5.271830081939697
770,.,0.2643425762653351,3.7701873779296875,2.851132392883301
771, we,0.13678467273712158,4.545358180999756,1.1259726285934448
772, a,0.12542812526226044,5.478684902191162,1.7580156326293945
773, only,0.07098590582609177,6.308757781982422,2.8892710208892822
774, place,0.2867080867290497,3.792239189147949,4.901074409484863
775, I,0.2887577414512634,3.020603656768799,1.8077125549316406
776, ever,0.16084323823451996,3.921005964279175,4.511287212371826
777, saw,0.2734440267086029,4.026469707489014,4.829654693603516
778, her,0.33682307600975037,3.743854284286499,2.4699482917785645
779, dad,0.13246336579322815,4.509138107299805,5.649525165557861
780,'s,0.054508935660123825,6.196678161621094,2.035062551498413
781,.,0.07593368738889694,5.347790241241455,2.0232691764831543
782, mother,0.2181234508752823,4.9927191734313965,5.001131534576416
783, always,0.06989164650440216,5.352850437164307,2.5901033878326416
784, dad,0.3837813138961792,2.7721104621887207,5.9876837730407715
785, cry,0.17241939902305603,5.489899635314941,3.6560049057006836
786, was,0.10075564682483673,5.3660807609558105,2.8925821781158447
787, so,0.12277300655841827,5.294765472412109,2.550751209259033
788, little,0.06967254728078842,6.654471397399902,3.3587417602539062
789,",",0.12636537849903107,4.854485988616943,1.8470830917358398
790, she,0.13358478248119354,4.775273323059082,1.6638376712799072
791, was,0.4731365442276001,3.3002798557281494,3.6399917602539062
792, a,0.2460511177778244,4.124691486358643,2.175776720046997
793, teacher,0.09852617233991623,6.254598617553711,4.373116493225098
794, official,0.31470122933387756,3.293861150741577,7.011165142059326
795,.,0.18115100264549255,4.680533409118652,2.1818642616271973
796, were,0.22971272468566895,4.2135539054870605,3.6004388332366943
797, they,0.14911605417728424,3.7213375568389893,1.6989552974700928
798, government,0.19331985712051392,5.516530990600586,3.5054683685302734
799, thing,0.34521856904029846,3.0275402069091797,5.407354354858398
800, to,0.24231097102165222,2.710397243499756,2.4562864303588867
801, could,0.4909650981426239,2.4577877521514893,3.925851345062256
802, could,0.9320423007011414,0.4290263056755066,6.6427226066589355
803, do,0.9233357906341553,0.5447853803634644,6.3614020347595215
804, was,0.47115713357925415,1.8979002237319946,3.5252139568328857
805, him,0.2012517899274826,3.0676028728485107,3.4986932277679443
806, was,0.7207871675491333,1.6002987623214722,3.845532178878784
807, my,0.35700416564941406,3.5184874534606934,2.313227891921997
808, family,0.3990055322647095,2.95544695854187,6.019962310791016
809, was,0.3745634853839874,2.2930092811584473,3.03633975982666
810, to,0.42619943618774414,3.6884243488311768,2.927720069885254
811, help,0.11101694405078888,4.888444900512695,4.231988906860352
812, them,0.3497031629085541,2.9345710277557373,4.099123954772949
813, a,0.19829651713371277,4.78656005859375,1.7651050090789795
814, a,0.18617574870586395,4.93932580947876,2.036658525466919
815, free,0.03545911982655525,6.943920135498047,3.1597251892089844
816, good,0.23473376035690308,4.586749076843262,5.080326080322266
817, place,0.29832929372787476,4.519444942474365,4.421349048614502
818, secure,0.14935451745986938,5.366881370544434,4.838993072509766
819, life,0.05145639181137085,6.132004261016846,3.557542324066162
820,.,0.21005813777446747,3.4059693813323975,2.7612133026123047
821, are,0.0776856541633606,5.05381965637207,2.9167520999908447
822, up,0.9505287408828735,0.41003426909446716,6.616647243499756
823, in,0.3096407651901245,3.8167858123779297,2.827852249145508
824, a,0.4680694043636322,3.7684543132781982,1.9201529026031494
825, country,0.06718146800994873,5.725917339324951,3.9274046421051025
826, town,0.2273973971605301,4.784177303314209,5.396440505981445
827, of,0.6291595101356506,2.173933744430542,3.069908380508423
828, the,0.02458168938755989,7.694279193878174,2.8665809631347656
829,",",0.3589039742946625,3.7429492473602295,2.3974084854125977
830,",",0.28825753927230835,4.187073707580566,2.1190035343170166
831,",",0.2145666629076004,5.141449928283691,1.9071290493011475
832, in,0.06410697102546692,6.076984405517578,1.3827625513076782
833, the,0.0709209069609642,5.502256393432617,1.4121410846710205
834, picture,0.12995176017284393,5.876245498657227,4.377717971801758
835, of,0.9034968018531799,0.7429589033126831,4.190776824951172
836, a,0.10898155719041824,5.946819305419922,1.552121877670288
837,.,0.0887499675154686,5.732593536376953,1.7054537534713745
838, tracks,0.248462975025177,3.768789768218994,6.594982147216797
839,.,0.1959746778011322,4.414574146270752,1.7314329147338867
840, we,0.08042819797992706,5.7258758544921875,0.8695641756057739
841, dad,0.10694672167301178,4.590769290924072,5.487000942230225
842, were,0.12333042919635773,5.0088725090026855,2.8283777236938477
843, me,0.13850921392440796,4.819884300231934,2.619230270385742
844, job,0.09422911703586578,6.3169264793396,3.579061269760132
845, car,0.10143130272626877,6.576688766479492,3.51576566696167
846, car,0.058313384652137756,7.288653373718262,3.2626852989196777
847, of,0.44812726974487305,3.081792116165161,3.069284439086914
848, the,0.20700079202651978,3.496833562850952,2.1136884689331055
849,.,0.21603140234947205,3.92856764793396,1.9535284042358398
850, I,0.10516542941331863,4.763648986816406,2.5928447246551514
851, it,0.8440635204315186,0.9819428324699402,3.2735095024108887
852, on,0.4443562924861908,2.064866542816162,3.7537074089050293
853, my,0.34623345732688904,2.7671608924865723,2.6950459480285645
854, box,0.06290899962186813,6.421158790588379,4.016728401184082
855, box,0.10635837912559509,5.954061031341553,4.72696590423584
856, box,0.1346992552280426,5.478375434875488,5.394449234008789
857,.,0.2649630308151245,4.030065536499023,1.9376105070114136
858, put,0.13512751460075378,4.744482040405273,2.572277307510376
859, it,0.8759967684745789,0.7973780632019043,3.434601306915283
860, on,0.24321748316287994,2.6501100063323975,3.710078477859497
861, the,0.44145628809928894,2.1608524322509766,2.3236067295074463
862, wall,0.07395710051059723,6.039578914642334,4.502590179443359
863,.,0.4171018898487091,2.9275035858154297,2.493633985519409
864, it,0.11855977773666382,4.677700519561768,1.7621368169784546
865, the,0.6118365526199341,2.0487797260284424,1.9809027910232544
866, morning,0.2780615985393524,3.3654823303222656,4.317757606506348
867,.,0.20876699686050415,3.7948451042175293,1.5427074432373047
868, would,0.2524414658546448,3.7136313915252686,4.233982086181641
869, go,0.12952694296836853,4.885725498199463,4.105320930480957
870, go,0.2142321616411209,4.23423957824707,4.709655284881592
871, around,0.16157233715057373,2.9478607177734375,3.577004909515381
872, the,0.4348781406879425,2.3342182636260986,1.8576160669326782
873, couch,0.2109314501285553,4.335665225982666,7.332636833190918
874, and,0.3812483549118042,3.235795021057129,2.869346857070923
875, watch,0.3053187131881714,4.423196315765381,4.871163845062256
876, at,0.6919443011283875,1.5750309228897095,4.508707046508789
877, the,0.3238539397716522,3.483592987060547,2.129488468170166
878,.,0.2940710484981537,3.184781551361084,2.387657403945923
879, if,0.44549667835235596,2.9598703384399414,3.1104276180267334
880, watched,0.13701282441616058,4.650116443634033,4.4822258949279785
881, our,0.1858806163072586,3.8799891471862793,4.123159408569336
882, beer,0.13065573573112488,4.707335948944092,6.111795425415039
883,.,0.27999216318130493,3.4685981273651123,3.0663936138153076
884, watch,0.06480050832033157,6.324204921722412,3.117839813232422
885, the,0.3486321270465851,4.3904218673706055,1.7350481748580933
886, sun,0.03802482783794403,6.770716667175293,3.6479196548461914
887, world,0.06884347647428513,7.032567977905273,3.1820247173309326
888, of,0.19468320906162262,4.4624176025390625,3.7691123485565186
889, the,0.047503091394901276,7.564074993133545,2.5221362113952637
890,.,0.15784761309623718,4.743121147155762,3.644761323928833
891, TV,0.1860269457101822,3.8078770637512207,4.174025535583496
892,.,0.4132150113582611,2.738805055618286,3.53265118598938
893, I,0.08534426242113113,5.697273254394531,1.6830532550811768
894, wife,0.08072588592767715,5.770021438598633,4.175580978393555
895, was,0.16566728055477142,4.679591178894043,4.111854076385498
896, a,0.10943940281867981,5.250385761260986,2.9176442623138428
897, a,0.36102357506752014,3.8659722805023193,1.6490947008132935
898, dream,0.12122301012277603,6.656247615814209,3.9985532760620117
899, version,0.08227885514497757,6.66634464263916,4.038033962249756
900, of,0.36866843700408936,3.646979808807373,2.851576089859009
901, milk,0.09450109302997589,6.4698920249938965,4.167325973510742
902,.,0.4095168113708496,3.3602943420410156,2.432466745376587
903, I,0.13308630883693695,5.428946495056152,2.6021852493286133
904, to,0.30190423130989075,3.814631462097168,2.7823729515075684
905, good,0.13377872109413147,5.548521995544434,4.075319290161133
906, as,0.7601876854896545,1.2909674644470215,4.528584003448486
907, ever,0.2718085050582886,4.4035844802856445,3.846919298171997
908, to,0.2436288446187973,4.2667036056518555,1.7319358587265015
909, say,0.14731822907924652,4.388561725616455,4.902882099151611
910, you,0.4344349503517151,2.7952377796173096,2.062466859817505
911,.,0.2848108410835266,3.5709571838378906,2.4437410831451416
912, go,0.09460156410932541,5.443874835968018,2.5942747592926025
913, was,0.1386299431324005,4.829808712005615,3.3760974407196045
914, know,0.24409060180187225,3.3431012630462646,5.18859338760376
915, what,0.2369876503944397,2.8968746662139893,3.784661054611206
916, to,0.44716957211494446,2.971045970916748,2.5777552127838135
917, explain,0.12481315433979034,4.909564971923828,4.935434818267822
918, it,0.20585796236991882,3.6112618446350098,1.7884539365768433
919, machine,0.07187265902757645,6.823885917663574,4.096233367919922
920,.,0.26533588767051697,4.6182427406311035,2.27451229095459
921,.,0.21350927650928497,5.125164985656738,2.4558629989624023
922, my,0.203347846865654,3.585622787475586,1.8175532817840576
923, stick,0.053607095032930374,7.163367748260498,3.4181697368621826
924,.,0.29144716262817383,4.278172016143799,2.3968992233276367
925, how,0.13322147727012634,4.972058296203613,2.5257389545440674
926, truck,0.0862695649266243,6.081802845001221,4.814686298370361
927, machine,0.07333403080701828,5.5415425300598145,3.9398059844970703
928,.,0.29528629779815674,3.8348641395568848,2.2877914905548096
929, anything,0.1605951488018036,4.330989360809326,2.9296634197235107
930, computer,0.027858106419444084,7.35648775100708,2.9262325763702393
931, or,0.1693640947341919,4.592350006103516,2.212730646133423
932, I,0.2591411769390106,4.552942752838135,1.2441171407699585
933, know,0.16098712384700775,4.621739387512207,3.583557367324829
934, what,0.20056599378585815,3.3729000091552734,2.188676595687866
935,'re,0.12096386402845383,4.619823455810547,3.640092372894287
936,'t,0.42780882120132446,3.8185884952545166,4.895966053009033
937, to,0.15061324834823608,4.252627849578857,1.88124418258667
938, things,0.3648555874824524,4.192919731140137,4.377612590789795
939,.,0.12542496621608734,4.475572109222412,1.7274786233901978
940, you,0.16968323290348053,4.851421356201172,1.6878894567489624
941, you,0.23636358976364136,4.541018009185791,1.6870319843292236
942, you,0.5595519542694092,2.748563766479492,2.072582483291626
943,'ll,0.5410842299461365,2.03450083732605,6.276083946228027
944,.,0.1446293145418167,4.601069450378418,3.226208209991455
945, I,0.20776565372943878,3.963101863861084,1.380377173423767
946, the,0.17047499120235443,4.757696151733398,1.4372650384902954
947, is,0.2642401158809662,3.134650468826294,3.15446138381958
948, do,0.19423826038837433,4.188131332397461,4.922576427459717
949, is,0.2353152185678482,3.702395439147949,2.9938182830810547
950, you,0.5795827507972717,2.262213945388794,2.1876466274261475
951,'re,0.19454103708267212,3.8777337074279785,4.290205955505371
952, up,0.8180564045906067,1.1860169172286987,6.0083537101745605
953, and,0.1734955608844757,4.668152809143066,2.0645227432250977
954, and,0.15903142094612122,4.066325664520264,2.1114816665649414
955, that,0.17514103651046753,4.730180740356445,1.6907724142074585
956,.,0.25263357162475586,3.9125075340270996,3.2997524738311768
957, I,0.12963853776454926,4.984128475189209,1.507045865058899
958,'m,0.07526072859764099,4.712696075439453,3.9159741401672363
959, down,0.3871092200279236,2.768799304962158,4.16903018951416
960, my,0.26107484102249146,3.1032142639160156,2.3127620220184326
961, back,0.10666491091251373,5.706212997436523,4.497018337249756
962, and,0.23309054970741272,3.730354070663452,2.6545989513397217
963, I,0.10004238784313202,4.909832000732422,3.3912088871002197
964, said,0.06818797439336777,4.965725421905518,3.6818981170654297
965, the,0.20609143376350403,5.2434844970703125,1.1290411949157715
966, dad,0.06774144619703293,5.2046332359313965,4.779863357543945
967, and,0.08095718920230865,5.868217468261719,2.700622081756592
968, she,0.5478265881538391,2.036952018737793,3.057529926300049
969, was,0.10347666591405869,5.2397260665893555,3.676123857498169
970,.,0.20066538453102112,4.232120513916016,1.8815687894821167
971, I,0.3267485499382019,3.416156053543091,2.0103774070739746
972, was,0.16740331053733826,4.165897846221924,3.3832814693450928
973, me,0.8554487824440002,0.9687021970748901,5.993953227996826
974, up,0.2759164571762085,3.446732521057129,2.9510414600372314
975, to,0.15700440108776093,4.631232738494873,1.8044705390930176
976, few,0.10525409132242203,5.528278350830078,4.2589898109436035
977, to,0.4668489992618561,2.854358196258545,2.5864179134368896
978, a,0.26945003867149353,3.041938066482544,2.322366952896118
979, she,0.33563995361328125,3.2663865089416504,2.3530242443084717
980, said,0.15380848944187164,4.6613616943359375,3.8322107791900635
981, crying,0.6385639309883118,2.025583028793335,7.754156112670898
982, said,0.2064519226551056,3.9528796672821045,3.7515032291412354
983, said,0.225643590092659,4.214667320251465,4.161596298217773
984, off,0.29434260725975037,2.6808879375457764,4.993624687194824
985, to,0.35137850046157837,2.5347392559051514,4.006437301635742
986,.,0.42734378576278687,3.185638189315796,2.632124423980713
987, said,0.11748121678829193,4.805298805236816,3.2368690967559814
988, me,0.30327579379081726,3.305436372756958,3.744593620300293
989, friends,0.07238196581602097,5.455608367919922,3.2987048625946045
990, could,0.12835797667503357,4.651874542236328,3.390346050262451
991, her,0.09594409912824631,5.359433650970459,2.6080732345581055
992, and,0.15008625388145447,4.038015365600586,2.3235905170440674
993, And,0.12613873183727264,4.4637346267700195,2.4259884357452393
994, made,0.10160180926322937,4.600175857543945,3.4385881423950195
995, dinner,0.11175315827131271,4.971834182739258,3.1690573692321777
996, sorry,0.19932495057582855,5.420486927032471,2.8382256031036377
997, us,0.18974074721336365,3.9679696559906006,3.365790367126465
998, family,0.12500296533107758,5.485522270202637,4.118929386138916
999, she,0.07878623157739639,5.576542854309082,1.5732382535934448
1000, she,0.2423291951417923,3.7560696601867676,2.042952299118042
1001, she,0.34467488527297974,3.35813570022583,2.0193355083465576
1002, night,0.5696253180503845,1.7553629875183105,7.082203388214111
1003, she,0.38590875267982483,2.925163745880127,2.320814847946167
1004, said,0.05670122057199478,4.890861988067627,3.5096588134765625
1005, not,0.12735366821289062,4.806055068969727,1.809985876083374
1006, that,0.1361701637506485,4.5556960105896,2.2703404426574707
1007, like,0.2895473539829254,3.295518636703491,3.400352716445923
1008, bad,0.09881412982940674,5.2840776443481445,4.790153503417969
1009, as,0.3208366334438324,3.0457303524017334,2.8832614421844482
1010, made,0.12080299109220505,5.0329976081848145,3.16672420501709
1011, home,0.20687954127788544,2.9168593883514404,3.9944121837615967
1012, the,0.2861799895763397,2.671459674835205,2.805044651031494
1013, room,0.4678237736225128,2.7000880241394043,7.057247638702393
1014, and,0.30139192938804626,4.025744915008545,2.325446605682373
1015, said,0.08356751501560211,5.179188251495361,3.431879758834839
1016, down,0.258314311504364,2.972074508666992,3.852281093597412
1017, and,0.2902330756187439,3.555878162384033,2.7737698554992676
1018, the,0.4720371961593628,1.5823140144348145,2.8060646057128906
1019, bed,0.5676366686820984,2.260373115539551,8.654594421386719
1020, and,0.4193704426288605,3.701486349105835,2.7083935737609863
1021, I,0.08194378018379211,5.143867492675781,3.207850456237793
1022, said,0.15477880835533142,4.706820011138916,3.800457000732422
1023, for,0.2087022364139557,3.767595052719116,2.206972122192383
1024, the,0.09916727244853973,4.320209980010986,2.511707067489624
1025, she,0.4491378962993622,2.018207311630249,3.796468734741211
1026, had,0.5157932043075562,1.7497020959854126,5.033050537109375
1027, done,0.9063800573348999,0.5457081198692322,7.475621223449707
1028,.,0.34043756127357483,3.4311728477478027,2.269634246826172
1029,.,0.4209005534648895,2.9422576427459717,2.3884456157684326
1030, the,0.944313108921051,0.4093173146247864,2.378330945968628
1031, day,0.4832293391227722,1.6804635524749756,7.014673233032227
1032,.,0.5370091199874878,2.6206443309783936,2.7479147911071777
1033, I,0.3417993187904358,3.822957992553711,1.6413719654083252
1034, husband,0.0954691544175148,5.027585506439209,5.122790813446045
1035, was,0.500035285949707,2.095900774002075,3.3740668296813965
1036, the,0.2532661259174347,3.6070899963378906,2.6522903442382812
1037, her,0.236111119389534,3.63718843460083,2.9297866821289062
1038, was,0.16558963060379028,4.7254180908203125,2.1814258098602295
1039, was,0.21256868541240692,4.030515193939209,1.8770685195922852
1040, to,0.4882603585720062,3.4955952167510986,2.4049060344696045
1041, to,0.631536602973938,2.7112553119659424,2.729224681854248
1042, to,0.5664945244789124,2.091789484024048,3.1146976947784424
1043, to,0.8589023351669312,0.9469446539878845,3.7339048385620117
1044, there,0.18801036477088928,4.100281238555908,1.6753515005111694
1045, years,0.1098104938864708,5.035350799560547,3.9704902172088623
1046, and,0.265244722366333,3.2996933460235596,2.0693204402923584
1047, then,0.06321491301059723,5.550002574920654,2.7999887466430664
1048, go,0.09762021154165268,5.5263991355896,3.042454481124878
1049, back,0.0791376531124115,4.7739973068237305,2.0628280639648438
1050, the,0.449388325214386,2.8503031730651855,1.8737859725952148
1051, lap,0.19287443161010742,4.907154083251953,5.568402290344238
1052, and,0.4251113831996918,2.840174913406372,2.5505998134613037
1053, a,0.3343525528907776,3.870124340057373,1.683916687965393
1054, final,0.08564488589763641,5.707075119018555,3.48529052734375
1055, lap,0.5094600915908813,2.8477413654327393,6.780197620391846
1056,.,0.4908868968486786,2.4880313873291016,2.8035058975219727
1057,.,0.5778100490570068,2.217505693435669,3.3085336685180664
1058, him,0.08004403859376907,4.7669477462768555,1.988397240638733
1059, the,0.47781527042388916,3.6095523834228516,1.487313151359558
1060, end,0.07836510986089706,5.523931980133057,3.8909835815429688
1061, of,0.6607590913772583,2.307577133178711,3.7651476860046387
1062, and,0.2559836804866791,3.501091241836548,2.0693483352661133
1063, then,0.17055843770503998,5.161130428314209,2.296998977661133
1064, get,0.07298050820827484,5.438643455505371,2.216356039047241
1065, for,0.1177789494395256,3.7090187072753906,2.2380316257476807
1066, off,0.15185190737247467,3.8710126876831055,2.6848771572113037
1067,.,0.1410439908504486,3.5632214546203613,1.8336337804794312
1068, line,0.18855367600917816,4.184854984283447,5.546968936920166
1069, stretch,0.3174617290496826,3.2704966068267822,6.920958042144775
1070,.,0.2683515250682831,3.4390153884887695,2.0897834300994873
1071, he,0.21268431842327118,3.6005780696868896,1.3710497617721558
1072,'re,0.22813130915164948,3.974419593811035,4.470184326171875
1073, to,0.2501946985721588,3.902395009994507,2.2202441692352295
1074, the,0.6687212586402893,2.1004576683044434,1.7246118783950806
1075, back,0.11998723447322845,5.359009742736816,3.678981065750122
1076, lap,0.3400605022907257,3.917410373687744,6.321954727172852
1077,",",0.25378355383872986,3.394071340560913,1.4722168445587158
1078, the,0.4622880518436432,3.1874825954437256,1.6645339727401733
1079, race,0.4469892978668213,3.7448296546936035,5.831048488616943
1080,",",0.2500491738319397,3.716564178466797,2.3444817066192627
1081,",",0.3990119695663452,3.2258059978485107,1.6817487478256226
1082, first,0.038914863020181656,6.970112323760986,2.7681355476379395
1083, will,0.04436352476477623,6.627974033355713,2.534693717956543
1084, you,0.12771399319171906,4.21318244934082,1.8420056104660034
1085, bell,0.4668682813644409,3.9632415771484375,6.438454627990723
1086, and,0.13498124480247498,5.1873555183410645,2.010485887527466
1087, you,0.18135662376880646,4.691678524017334,1.2074167728424072
1088, you,0.4164486229419708,3.3212404251098633,1.5401967763900757
1089, gets,0.05140688270330429,5.482945919036865,2.9880008697509766
1090, his,0.10050651431083679,6.411135196685791,2.7015178203582764
1091, were,0.09265650063753128,5.144767761230469,3.374575138092041
1092, the,0.6696711182594299,2.4248523712158203,1.6462055444717407
1093, last,0.20733904838562012,3.9916956424713135,4.9316606521606445
1094, we,0.1877548098564148,4.155158996582031,1.210711121559143
1095,",",0.1669025421142578,4.359163761138916,0.9706655144691467
1096, was,0.1554795205593109,4.671947956085205,3.5443613529205322
1097, told,0.03823823854327202,5.9073405265808105,2.6643874645233154
1098, the,0.3906969726085663,2.885700225830078,2.517449378967285
1099, lap,0.31693193316459656,4.282107353210449,5.8494744300842285
1100, and,0.1813473403453827,4.602859020233154,1.8123058080673218
1101, he,0.24328669905662537,4.945039749145508,1.5931177139282227
1102,'s,0.34848302602767944,3.538163661956787,2.9086320400238037
1103, when,0.21449507772922516,4.06835412979126,2.0853464603424072
1104, the,0.13560304045677185,4.997281551361084,1.9970570802688599
1105,.,0.36297646164894104,3.5914273262023926,2.3310985565185547
1106, me,0.594020664691925,1.9024786949157715,5.67913293838501
1107, world,0.06094108149409294,6.390731334686279,3.1737914085388184
1108,.,0.4606330990791321,3.147613286972046,2.5102739334106445
1109, I,0.1628277450799942,4.375551223754883,1.2149724960327148
1110, is,0.14020571112632751,4.556918621063232,2.7893850803375244
1111, that,0.25087374448776245,3.6742117404937744,1.8773294687271118
1112, I,0.10522827506065369,5.27756929397583,1.0613210201263428
1113,Guard,0.03408406674861908,6.529584884643555,5.020665645599365
1114, is,0.3111568093299866,4.90707540512085,2.1711456775665283
1115, a,0.12380367517471313,5.492298603057861,1.3294756412506104
1116, a,0.25408992171287537,4.992733478546143,1.6723121404647827
1117, with,0.8976402878761292,0.8105855584144592,5.2680864334106445
1118, the,0.1566169708967209,4.719985485076904,1.7562000751495361
1119, and,0.15048600733280182,4.773224353790283,1.6660852432250977
1120, is,0.14940044283866882,4.997042179107666,2.951521396636963
1121, be,0.18801361322402954,4.988402843475342,3.4909749031066895
1122, be,0.12773959338665009,5.712075233459473,3.172297954559326
1123, me,0.15614493191242218,3.6376209259033203,2.3663837909698486
1124, and,0.20205530524253845,4.439334392547607,1.7135069370269775
1125, any,0.2565900981426239,3.946855306625366,2.4587275981903076
1126, moment,0.7144292593002319,1.2865016460418701,8.207989692687988
1127,.,0.14380046725273132,5.096722602844238,1.6303688287734985
1128, I,0.17476743459701538,4.576593399047852,1.2349421977996826
1129,�,0.1451687216758728,4.532505989074707,3.760559558868408
1130, care,0.2244235873222351,4.069462299346924,4.545616149902344
1131, think,0.1507982462644577,4.759624481201172,4.15397310256958
1132, with,0.0904037281870842,5.317787170410156,2.3014678955078125
1133, him,0.587462842464447,2.689847946166992,4.385001182556152
1134, I,0.0623740628361702,5.11947774887085,1.65375816822052
1135, here,0.17630845308303833,4.60333251953125,2.0891366004943848
1136, house,0.3387610912322998,4.76266622543335,5.276263236999512
1137, I,0.09325043857097626,5.530050277709961,1.4240977764129639
1138, he,0.10931248962879181,5.592438697814941,1.8314299583435059
1139, I,0.26300951838493347,3.858550548553467,1.6073250770568848
1140, going,0.06189056858420372,5.649010181427002,2.2621982097625732
1141, going,0.07325602322816849,5.915539741516113,1.9973050355911255
1142, on,0.13129445910453796,4.5765910148620605,1.8227289915084839
1143, out,0.1561923623085022,4.42205810546875,2.5221588611602783
1144,.,0.09171923249959946,4.975391864776611,1.6614387035369873
1145, the,0.44658952951431274,2.534916400909424,2.055422067642212
1146, road,0.1349474936723709,5.122914791107178,5.445069789886475
1147, of,0.12926310300827026,5.340554714202881,2.2377126216888428
1148,.,0.12780849635601044,5.152294635772705,1.642012119293213
1149, we,0.11078902333974838,5.155624866485596,1.1439152956008911
1150, next,0.02273290790617466,7.310734748840332,2.4895856380462646
1151, is,0.2489328235387802,4.987906455993652,2.4388322830200195
1152, going,0.047930046916007996,5.846423625946045,2.9603962898254395
1153, louder,0.14754343032836914,5.1516828536987305,4.435248374938965
1154, and,0.17437945306301117,3.50748872756958,2.723299026489258
1155, not,0.08989968150854111,5.153992652893066,2.957533597946167
1156, here,0.18222400546073914,3.516045093536377,3.294903039932251
1157, to,0.8995282053947449,0.6615270376205444,4.232721328735352
1158, you,0.4402351677417755,3.0701682567596436,2.613654136657715
1159,.,0.242931067943573,3.827456474304199,2.4815878868103027
1160, I,0.19875386357307434,4.279448509216309,1.3022422790527344
1161,'s,0.32605427503585815,3.633155107498169,4.213710784912109
1162, me,0.20435622334480286,3.812161445617676,2.428389072418213
1163, a,0.602340817451477,2.201946258544922,2.432253122329712
1164, pic,0.06921640783548355,5.835986137390137,3.6044716835021973
1165, and,0.14197924733161926,3.5000555515289307,3.170144557952881
1166, he,0.19374342262744904,4.356787204742432,1.6451072692871094
1167,",",0.324939101934433,4.740920543670654,3.1537022590637207
1168,�,0.3501979410648346,3.6820285320281982,5.719844818115234
1169, you,0.843483030796051,0.9319480061531067,3.439944267272949
1170,�,0.45508667826652527,3.1723570823669434,6.855663299560547
1171, I,0.22990137338638306,4.149869441986084,1.5156368017196655
1172,'s,0.1343183070421219,5.122136116027832,3.6575942039489746
1173, out,0.3168908953666687,2.7070233821868896,3.7201008796691895
1174, and,0.28809958696365356,3.5987040996551514,3.288480043411255
1175, the,0.047825347632169724,5.523160934448242,3.332214832305908
1176, side,0.1868404597043991,5.981358528137207,3.8869986534118652
1177,-,0.18384282290935516,4.259089946746826,3.982771158218384
1178, line,0.08776281774044037,5.240129470825195,4.755155086517334
1179, and,0.30554690957069397,3.133211851119995,2.6405563354492188
1180, I,0.2798139452934265,3.562028646469116,1.8072319030761719
1181,'m,0.18299371004104614,4.714927673339844,4.008992671966553
1182, he,0.3050041198730469,3.289808750152588,1.5878369808197021
1183, myself,0.31215688586235046,4.095801830291748,4.009167194366455
1184, I,0.16748501360416412,4.159761905670166,2.025287628173828
1185,",",0.1819697916507721,5.0248637199401855,2.3690309524536133
1186,",",0.04732343927025795,6.362196445465088,1.9535646438598633
1187, is,0.30126452445983887,4.239798545837402,3.33663010597229
1188, a,0.06147339940071106,5.226594924926758,2.3685779571533203
1189, weird,0.06534507870674133,5.377265930175781,4.129941940307617
1190, all,0.16622382402420044,5.493058681488037,2.114119052886963
1191, this,0.14595478773117065,4.132869720458984,1.5025140047073364
1192, time,0.2971076965332031,5.089817523956299,2.4159300327301025
1193, I,0.10949200391769409,4.727636337280273,1.4367610216140747
1194,'ve,0.2916201651096344,3.6016008853912354,4.730318069458008
1195, got,0.06817878037691116,5.5700883865356445,2.9250850677490234
1196, away,0.27471303939819336,3.7518386840820312,3.5188333988189697
1197, to,0.16560466587543488,4.440718650817871,1.9435280561447144
1198, is,0.6861870884895325,2.5752804279327393,3.2192893028259277
1199, really,0.3046404719352722,4.167745590209961,3.1224913597106934
1200, you,0.2627767324447632,3.776982307434082,1.6414519548416138
1201, feel,0.14121663570404053,4.860438346862793,3.878713607788086
1202, my,0.06604141741991043,5.569995880126953,1.554068684577942
1203, I,0.2590469419956207,4.238790035247803,1.325932264328003
1204, I,0.30834928154945374,3.9570271968841553,1.3372501134872437
1205,'m,0.07339029014110565,5.075268745422363,3.9041154384613037
1206, you,0.11306792497634888,4.921442985534668,1.1730916500091553
1207, again,0.05267190560698509,6.034027576446533,1.750597357749939
1208,'s,0.15034805238246918,5.369925498962402,2.9420392513275146
1209, off,0.15492287278175354,3.511061906814575,2.7836263179779053
1210, head,0.07480873912572861,4.9044647216796875,5.711050033569336
1211, and,0.10957325994968414,4.9432501792907715,2.434070587158203
1212, and,0.11953139305114746,5.350635528564453,2.245697498321533
1213, I,0.35826000571250916,4.08371114730835,1.66255784034729
1214,'m,0.0345526859164238,5.668771743774414,3.7303757667541504
1215, him,0.4175959825515747,2.8774044513702393,3.7469446659088135
1216, to,0.21576464176177979,3.898771286010742,3.2836906909942627
1217, to,0.24136273562908173,4.423933982849121,2.6027207374572754
1218, though,0.14432963728904724,4.940763473510742,3.1402173042297363
1219, my,0.2140464335680008,4.513246536254883,2.2425053119659424
1220, I,0.18096204102039337,5.245360851287842,2.422123670578003
1221, I,0.16250978410243988,5.412017345428467,1.7927669286727905
1222, go,0.11400514841079712,5.238938808441162,3.7883245944976807
1223, to,0.05980135500431061,5.631635665893555,2.22480845451355
1224, the,0.23356319963932037,4.973642826080322,1.3165949583053589
1225, door,0.03441579267382622,7.304773807525635,3.174489736557007
1226, door,0.057239387184381485,7.347870349884033,3.246407985687256
1227, part,0.022858569398522377,6.878620147705078,2.7745959758758545
1228, I,0.08253581076860428,5.198535919189453,2.0238356590270996
1229, I,0.16197049617767334,5.04935359954834,1.3678796291351318
1230, I,0.17553703486919403,4.321355819702148,1.404068112373352
1231, go,0.20734916627407074,4.714816570281982,3.995635986328125
1232, the,0.517682671546936,2.810044765472412,1.4030417203903198
1233, last,0.05649510771036148,6.699028968811035,3.2161006927490234
1234, of,0.39983436465263367,4.118962287902832,3.8484396934509277
1235, and,0.2616981267929077,3.467880964279175,2.162601947784424
1236, next,0.15729212760925293,4.112101078033447,4.145541191101074
1237, stretch,0.4933265745639801,2.3038601875305176,7.77208948135376
1238, and,0.26433223485946655,3.198010206222534,2.3806753158569336
1239, and,0.18151797354221344,3.9782907962799072,1.9255659580230713
1240, the,0.3617003858089447,4.182467937469482,1.4612362384796143
1241,.,0.21580493450164795,3.778151273727417,2.0723438262939453
1242, then,0.2119029313325882,3.753343343734741,1.8595372438430786
1243, we,0.3415706157684326,3.367820978164673,1.4822193384170532
1244, last,0.025379687547683716,7.207559585571289,2.5429468154907227
1245, is,0.20819886028766632,4.587330341339111,3.133394956588745
1246, going,0.06470503658056259,5.669054985046387,2.7999274730682373
1247, the,0.25627601146698,3.7996110916137695,2.269522190093994
1248, feet,0.3537212312221527,2.321031332015991,7.413507461547852
1249, and,0.2557051181793213,4.063830375671387,2.105905294418335
1250, we,0.1569059044122696,4.452469825744629,1.1776142120361328
1251, are,0.5562835931777954,3.0827600955963135,3.87974214553833
1252, cheering,0.03952987492084503,5.6987409591674805,3.556555986404419
1253, and,0.16278575360774994,4.398842811584473,1.9176305532455444
1254, the,0.10708721727132797,4.996135234832764,1.2379294633865356
1255,'m,0.24035151302814484,4.086283206939697,4.592769145965576
1256, have,0.10246582329273224,5.309841156005859,3.3136889934539795
1257, out,0.17791849374771118,3.364877462387085,2.651854991912842
1258, my,0.6104466915130615,1.9908629655838013,3.49575138092041
1259, the,0.14795514941215515,4.871314525604248,3.298673391342163
1260, stop,0.06930483877658844,6.56666374206543,3.449068307876587
1261, bit,0.09148401767015457,6.612905502319336,3.5991950035095215
1262, and,0.13240884244441986,5.023340702056885,2.0045928955078125
1263, I,0.2599908411502838,4.482244968414307,1.4022561311721802
1264, I,0.31784746050834656,3.440061569213867,1.1939102411270142
1265,'s,0.12456527352333069,4.7102508544921875,4.188595294952393
1266, up,0.16039489209651947,4.577610492706299,2.4363062381744385
1267, more,0.23692820966243744,3.609332799911499,5.8523268699646
1268, he,0.19547519087791443,4.211075782775879,2.082028865814209
1269, gets,0.17418546974658966,4.339648723602295,4.299095153808594
1270, me,0.21626493334770203,4.203805446624756,3.1459927558898926
1271, And,0.3195091187953949,4.077707290649414,3.6252074241638184
1272, I,0.36073336005210876,3.3142049312591553,1.9688795804977417
1273, I,0.38347554206848145,3.3958170413970947,1.5890864133834839
1274, get,0.09496096521615982,4.862175941467285,3.911964178085327
1275, get,0.07279615104198456,5.213693141937256,3.5358240604400635
1276, be,0.050430648028850555,5.902417182922363,2.255563974380493
1277, to,0.13612547516822815,5.0040507316589355,2.5598723888397217
1278, him,0.5540270209312439,3.0481972694396973,4.106675148010254
1279, And,0.34693440794944763,3.7076854705810547,3.721853733062744
1280, And,0.4604995846748352,3.2134790420532227,4.423503875732422
1281, I,0.21905267238616943,3.7194879055023193,1.797165036201477
1282, passes,0.15443158149719238,4.997097969055176,4.008033752441406
1283, at,0.36818405985832214,3.2960684299468994,3.3774237632751465
1284, me,0.9230772852897644,0.5445106625556946,6.429142475128174
1285, and,0.4464355409145355,3.3561575412750244,2.8243579864501953
1286, And,0.5224840044975281,1.8422526121139526,5.216365337371826
1287, I,0.30199265480041504,2.9038443565368652,1.7430262565612793
1288, one,0.20230218768119812,5.069558143615723,2.6550047397613525
1289,",",0.18033340573310852,4.719602584838867,1.582370400428772
1290, is,0.09169451892375946,4.623845100402832,2.2576892375946045
1291, you,0.587098240852356,2.3510117530822754,2.191946268081665
1292,",",0.16045433282852173,5.517267227172852,1.6429352760314941
1293, not,0.07047062367200851,6.232791423797607,1.5506823062896729
1294, thousand,0.1478234827518463,5.586442470550537,3.2685422897338867
1295, away,0.25943928956985474,3.9279699325561523,4.276528835296631
1296, him,0.3120439052581787,3.1236960887908936,3.301778554916382
1297, ground,0.11147204786539078,6.284419536590576,4.008206367492676
1298, of,0.1536892205476761,4.697312355041504,2.8711109161376953
1299, feet,0.12214121967554092,5.460869312286377,3.180694341659546
1300, from,0.16204708814620972,5.039365291595459,2.301722288131714
1301, are,0.12209833413362503,5.548939228057861,2.8246781826019287
1302, on,0.09199003130197525,5.12933874130249,2.1457765102386475
1303, am,0.038393110036849976,5.948340892791748,2.9429447650909424
1304,ced,0.23469099402427673,4.549222469329834,5.457296371459961
1305, I,0.1374533623456955,5.171733379364014,1.1120100021362305
1306, little,0.05165330693125725,7.095326900482178,2.8748278617858887
1307, more,0.12321702390909195,5.455320358276367,3.5785951614379883
1308, later,0.19814683496952057,4.3989739418029785,2.7057886123657227
1309, I,0.12661351263523102,5.4185791015625,0.9811675548553467
1310,'s,0.06322877109050751,5.9632415771484375,2.2822635173797607
1311, I,0.39491918683052063,4.074785232543945,1.743462085723877
1312, are,0.061774905771017075,6.199028491973877,2.1146063804626465
1313, be,0.1882781982421875,4.965875148773193,3.8244807720184326
1314,.,0.06380978226661682,6.006682872772217,1.5217807292938232
1315,.,0.08641310036182404,5.317841053009033,1.4562269449234009
1316,.,0.16846242547035217,5.185914039611816,1.6814830303192139
1317, the,0.29376792907714844,5.247898578643799,1.2980687618255615
1318, game,0.0605621300637722,6.984265327453613,2.9054439067840576
1319,.,0.2539379894733429,4.329497337341309,1.6869817972183228
1320, like,0.21817542612552643,3.9465138912200928,2.5457160472869873
1321, that,0.3274998962879181,3.5646798610687256,1.744328260421753
1322, one,0.2602943480014801,3.9467663764953613,2.4255635738372803
1323, the,0.21569465100765228,6.321417808532715,2.096205472946167
1324, race,0.044415075331926346,6.980729103088379,2.8976845741271973
1325, higher,0.08794964104890823,3.729292154312134,5.765310287475586
1326, race,0.20199498534202576,4.353575229644775,5.550862789154053
1327,.,0.35190707445144653,3.4126572608947754,2.5151913166046143
1328, the,0.16571752727031708,6.693775177001953,1.8781039714813232
1329, World,0.016291217878460884,7.738746643066406,3.01285982131958
1330, State,0.10315266251564026,6.664626598358154,4.297628879547119
1331,.,0.3292216658592224,3.636073589324951,2.7305984497070312
1332, we,0.12725412845611572,4.954920768737793,1.2071707248687744
1333, will,0.44546380639076233,2.5739402770996094,4.370006561279297
1334, be,0.25132155418395996,4.297136306762695,3.933396339416504
1335, me,0.27429598569869995,3.240780830383301,2.837623357772827
1336, in,0.26211094856262207,3.671539306640625,2.267650842666626
1337, I,0.17987069487571716,5.0072526931762695,1.2968809604644775
1338, the,0.3878411650657654,3.3211822509765625,2.3442139625549316
1339, day,0.1712404489517212,4.443706512451172,4.13966178894043
1340, I,0.20109336078166962,3.7681431770324707,1.2287263870239258
1341, will,0.14121724665164948,4.515859127044678,3.623230218887329
1342,.,0.08963949978351593,5.185816764831543,1.3876310586929321
1343, is,0.0780729427933693,4.427186489105225,2.4596924781799316
1344, won,0.1261301189661026,4.583423137664795,3.9059536457061768
1345, I,0.18253760039806366,4.477847099304199,1.0883501768112183
1346, a,0.07163561135530472,5.739904880523682,1.8173003196716309
1347, I,0.38879841566085815,3.1814732551574707,1.7591578960418701
1348, you,0.27392053604125977,4.380510330200195,1.6514194011688232
1349, I,0.1818533092737198,5.192431449890137,1.7232924699783325
1350, did,0.15034207701683044,4.250951290130615,3.8491086959838867
1351, from,0.12094980478286743,5.949357032775879,1.8781460523605347
1352, you,0.22468829154968262,4.888075351715088,1.6886663436889648
1353, father,0.1035570353269577,4.97452449798584,5.131237983703613
1354,�,0.1112336665391922,5.263959884643555,2.7942259311676025
1355, because,0.6350109577178955,2.639813184738159,4.688633441925049
1356, good,0.07110598683357239,5.604384422302246,2.4009904861450195
1357, only,0.09977591037750244,5.696957588195801,3.224752187728882
1358, that,0.37465235590934753,3.0404810905456543,2.0089383125305176
1359, got,0.1252058893442154,4.5371198654174805,3.854313850402832
1360, most,0.24659466743469238,3.772430181503296,2.387373924255371
1361,.,0.18498381972312927,3.483372926712036,3.2505881786346436
1362, think,0.1114138811826706,4.424773693084717,4.109400272369385
1363, about,0.39035388827323914,3.180065631866455,2.684748649597168
1364,'m,0.1098724901676178,4.298609733581543,4.005041122436523
1365, from,0.23762604594230652,3.974648952484131,2.3558483123779297
1366, because,0.40944182872772217,3.3517255783081055,3.6995112895965576
1367, little,0.48379161953926086,3.059074878692627,5.410546779632568
1368, of,0.7634628415107727,1.4335674047470093,4.335996627807617
1369, what,0.33339816331863403,2.774945020675659,2.712553024291992
1370,.,0.0533502921462059,6.570146560668945,2.7134218215942383
1371,.,0.28002068400382996,3.7396371364593506,2.258737802505493
1372, course,0.10972942411899567,5.397907257080078,2.2993345260620117
1373, life,0.06638438999652863,6.469748497009277,3.0446486473083496
1374,.,0.05542982742190361,7.192402362823486,2.344770669937134
1375,.,0.034654878079891205,7.719125747680664,1.7669568061828613
